Code,SuperDataZoneArea,ClosestED,RouteLength_km,Population
N21000001,Dunsilly_A,Antrim Area Hospital,10.12,"3,272"
N21000002,Dunsilly_B,Antrim Area Hospital,15.79,"3,132"
N21000003,Dunsilly_C,Antrim Area Hospital,21.11,"2,527"
N21000004,Dunsilly_D,Antrim Area Hospital,11.27,"2,991"
N21000005,Dunsilly_E,Antrim Area Hospital,10.87,"2,160"
N21000006,Dunsilly_F,Antrim Area Hospital,12.97,"3,916"
N21000007,Antrim_A,Antrim Area Hospital,1.94,"1,837"
N21000008,Antrim_B,Antrim Area Hospital,1.05,"1,791"
N21000009,Antrim_C,Antrim Area Hospital,4.38,"2,452"
N21000010,Antrim_D,Antrim Area Hospital,2.28,"2,423"
N21000011,Antrim_E,Antrim Area Hospital,2.89,"1,651"
N21000012,Antrim_F,Antrim Area Hospital,4.35,"2,203"
N21000013,Antrim_G,Antrim Area Hospital,3.97,"2,133"
N21000014,Antrim_H,Antrim Area Hospital,3.52,"1,394"
N21000015,Antrim_J,Antrim Area Hospital,4.22,"2,296"
N21000016,Antrim_K,Antrim Area Hospital,4.24,"2,150"
N21000017,Antrim_L,Antrim Area Hospital,5.23,"2,043"
N21000018,Antrim_N,Antrim Area Hospital,4.98,"1,571"
N21000019,Ballyclare_A,Antrim Area Hospital,20.18,"2,028"
N21000020,Ballyclare_B,Antrim Area Hospital,17.66,"3,014"
N21000021,Ballyclare_C,Antrim Area Hospital,16.67,"2,361"
N21000022,Ballyclare_D,Mater Hospital,17.79,"2,538"
N21000023,Ballyclare_E,Antrim Area Hospital,15.79,"2,936"
N21000024,Ballyclare_F,Mater Hospital,17.04,"3,187"
N21000025,Ballyclare_G,Antrim Area Hospital,13.79,"1,404"
N21000026,Ballyclare_H,Mater Hospital,15.32,"1,600"
N21000027,Three_Mile_Water_A,Mater Hospital,12.15,"2,217"
N21000028,Three_Mile_Water_B,Mater Hospital,11.94,"1,359"
N21000029,Three_Mile_Water_C,Mater Hospital,11.7,"2,052"
N21000030,Three_Mile_Water_D,Mater Hospital,11.17,"1,959"
N21000031,Three_Mile_Water_E,Mater Hospital,11.23,"2,520"
N21000032,Three_Mile_Water_F,Mater Hospital,10.75,"1,898"
N21000033,Three_Mile_Water_G,Mater Hospital,10.44,"2,796"
N21000034,Three_Mile_Water_H,Mater Hospital,11.37,"2,269"
N21000035,Three_Mile_Water_J,Mater Hospital,11.46,"1,461"
N21000036,Three_Mile_Water_K,Mater Hospital,9.96,"2,122"
N21000037,Macedon_A,Mater Hospital,9.33,"1,669"
N21000038,Macedon_B,Mater Hospital,9.08,"2,078"
N21000039,Macedon_C,Mater Hospital,8.88,"2,211"
N21000040,Macedon_D,Mater Hospital,8.76,"1,785"
N21000041,Macedon_E,Mater Hospital,8.65,"1,677"
N21000042,Macedon_F,Mater Hospital,8.15,"1,672"
N21000043,Macedon_G,Mater Hospital,7.68,"1,898"
N21000044,Macedon_H,Mater Hospital,7.24,"1,306"
N21000045,Macedon_J,Mater Hospital,7.93,"2,049"
N21000046,Macedon_K,Mater Hospital,7.36,"1,888"
N21000047,Macedon_L,Mater Hospital,6.77,"2,090"
N21000048,Glengormley_Urban_A,Mater Hospital,9.89,"1,502"
N21000049,Glengormley_Urban_B,Mater Hospital,10.46,"2,081"
N21000050,Glengormley_Urban_C,Mater Hospital,10.17,"2,325"
N21000051,Glengormley_Urban_D,Mater Hospital,10.21,"2,143"
N21000052,Glengormley_Urban_E,Mater Hospital,8.98,"1,683"
N21000053,Glengormley_Urban_F,Mater Hospital,9.05,"1,898"
N21000054,Glengormley_Urban_G,Mater Hospital,8.82,"1,858"
N21000055,Glengormley_Urban_H,Mater Hospital,8.27,"1,307"
N21000056,Glengormley_Urban_J,Mater Hospital,8.66,"2,187"
N21000057,Glengormley_Urban_K,Mater Hospital,7.57,"2,119"
N21000058,Glengormley_Urban_L,Mater Hospital,7.29,"2,539"
N21000059,Airport_A,Antrim Area Hospital,10.77,"1,547"
N21000060,Airport_B,Antrim Area Hospital,7.18,"1,761"
N21000061,Airport_C,Mater Hospital,12.95,"2,443"
N21000062,Airport_D,Mater Hospital,10.64,"2,503"
N21000063,Airport_E,Mater Hospital,9.3,"2,938"
N21000064,Airport_F,Antrim Area Hospital,13.61,"2,962"
N21000065,Airport_G,Antrim Area Hospital,15.12,"2,509"
N21000066,Airport_H,Antrim Area Hospital,17.81,"2,885"
N21000067,Airport_J,Antrim Area Hospital,17.95,"2,481"
N21000068,Armagh_A,Craigavon Area Hospital,21.35,"3,814"
N21000069,Armagh_B,Craigavon Area Hospital,17.84,"1,826"
N21000070,Armagh_C,Craigavon Area Hospital,18.96,"3,019"
N21000071,Armagh_D,Craigavon Area Hospital,20.68,"3,589"
N21000072,Armagh_E,Craigavon Area Hospital,29.88,"2,786"
N21000073,Armagh_F,Craigavon Area Hospital,19.63,"2,306"
N21000074,Armagh_G,Craigavon Area Hospital,20.98,"3,067"
N21000075,Armagh_H,Craigavon Area Hospital,29.92,"2,503"
N21000076,Armagh_J,Craigavon Area Hospital,24.91,"3,327"
N21000077,Armagh_K,Craigavon Area Hospital,35.96,"3,533"
N21000078,Armagh_L,Daisy Hill Hospital,29.89,"2,635"
N21000079,Portadown_A,Craigavon Area Hospital,15.66,"2,965"
N21000080,Portadown_B,Craigavon Area Hospital,10.56,"3,020"
N21000081,Portadown_C,Craigavon Area Hospital,4.37,"1,820"
N21000082,Portadown_D,Craigavon Area Hospital,3.32,"2,448"
N21000083,Portadown_E,Craigavon Area Hospital,3.71,"2,013"
N21000084,Portadown_F,Craigavon Area Hospital,2.2,"1,475"
N21000085,Portadown_G,Craigavon Area Hospital,3.92,"2,043"
N21000086,Portadown_H,Craigavon Area Hospital,2.38,"1,901"
N21000087,Portadown_J,Craigavon Area Hospital,14.48,"2,919"
N21000088,Portadown_K,Craigavon Area Hospital,4.1,"2,360"
N21000089,Portadown_L,Craigavon Area Hospital,3.6,"1,901"
N21000090,Portadown_N,Craigavon Area Hospital,3.67,"1,526"
N21000091,Portadown_P,Craigavon Area Hospital,4.32,"1,409"
N21000092,Portadown_Q,Craigavon Area Hospital,4.79,"2,203"
N21000093,Portadown_R,Craigavon Area Hospital,6.27,"2,921"
N21000094,Craigavon_A,Craigavon Area Hospital,14.18,"3,080"
N21000095,Craigavon_B,Craigavon Area Hospital,7.49,"2,685"
N21000096,Craigavon_C,Craigavon Area Hospital,3.28,"2,027"
N21000097,Craigavon_D,Craigavon Area Hospital,3.31,"1,680"
N21000098,Craigavon_E,Craigavon Area Hospital,4.54,"2,544"
N21000099,Craigavon_F,Craigavon Area Hospital,0.82,"2,672"
N21000100,Craigavon_G,Craigavon Area Hospital,4.66,"2,340"
N21000101,Craigavon_H,Craigavon Area Hospital,4.27,"1,858"
N21000102,Craigavon_J,Craigavon Area Hospital,0.15,"2,664"
N21000103,Craigavon_K,Craigavon Area Hospital,2.75,"1,378"
N21000104,Craigavon_L,Craigavon Area Hospital,6.26,"1,596"
N21000105,Craigavon_N,Craigavon Area Hospital,3.15,"2,721"
N21000106,Craigavon_P,Craigavon Area Hospital,5.6,"1,945"
N21000107,Lurgan_A,Craigavon Area Hospital,13.29,"2,824"
N21000108,Lurgan_B,Craigavon Area Hospital,11.59,"2,447"
N21000109,Lurgan_C,Craigavon Area Hospital,7.76,"2,367"
N21000110,Lurgan_D,Craigavon Area Hospital,7.62,"2,854"
N21000111,Lurgan_E,Craigavon Area Hospital,7.18,"2,858"
N21000112,Lurgan_F,Craigavon Area Hospital,7.07,"2,815"
N21000113,Lurgan_G,Craigavon Area Hospital,6.46,"1,585"
N21000114,Lurgan_H,Craigavon Area Hospital,11.57,"2,041"
N21000115,Lurgan_J,Craigavon Area Hospital,8.92,"2,250"
N21000116,Lurgan_K,Craigavon Area Hospital,6.57,"1,694"
N21000117,Lurgan_L,Craigavon Area Hospital,5.65,"1,404"
N21000118,Lurgan_N,Craigavon Area Hospital,4.77,"2,146"
N21000119,Lurgan_P,Craigavon Area Hospital,7.72,"2,139"
N21000120,Lurgan_Q,Craigavon Area Hospital,6.28,"1,801"
N21000121,Lurgan_R,Craigavon Area Hospital,5.86,"2,524"
N21000122,Lurgan_S,Craigavon Area Hospital,7.78,"2,627"
N21000123,Lurgan_T,Craigavon Area Hospital,5.71,"1,823"
N21000124,Lagan_River_A,Craigavon Area Hospital,10,"1,935"
N21000125,Lagan_River_B,Craigavon Area Hospital,10.65,"1,931"
N21000126,Lagan_River_C,Craigavon Area Hospital,13.21,"1,521"
N21000127,Lagan_River_D,Craigavon Area Hospital,22.5,"1,726"
N21000128,Lagan_River_E,Craigavon Area Hospital,14.74,"1,977"
N21000129,Lagan_River_F,Craigavon Area Hospital,20.61,"2,980"
N21000130,Lagan_River_G,Craigavon Area Hospital,10.19,"2,611"
N21000131,Lagan_River_H,Craigavon Area Hospital,26.85,"1,689"
N21000132,Lagan_River_J,Craigavon Area Hospital,18.13,"1,955"
N21000133,Lagan_River_K,Craigavon Area Hospital,23.16,"2,424"
N21000134,Lagan_River_L,Craigavon Area Hospital,29.44,"1,430"
N21000135,Lagan_River_N,Daisy Hill Hospital,36.62,"2,625"
N21000136,Banbridge_A,Craigavon Area Hospital,9.51,"2,305"
N21000137,Banbridge_B,Craigavon Area Hospital,9.41,"1,957"
N21000138,Banbridge_C,Craigavon Area Hospital,18.14,"1,926"
N21000139,Banbridge_D,Craigavon Area Hospital,16.64,"2,926"
N21000140,Banbridge_E,Craigavon Area Hospital,20.58,"2,524"
N21000141,Banbridge_F,Craigavon Area Hospital,15.79,"2,074"
N21000142,Banbridge_G,Craigavon Area Hospital,18.62,"1,525"
N21000143,Banbridge_H,Craigavon Area Hospital,18.87,"2,959"
N21000144,Banbridge_J,Craigavon Area Hospital,19.54,"2,511"
N21000145,Banbridge_K,Craigavon Area Hospital,20.01,"3,032"
N21000146,Banbridge_L,Daisy Hill Hospital,21.25,"3,400"
N21000147,Banbridge_N,Daisy Hill Hospital,15.87,"2,918"
N21000148,Banbridge_P,Daisy Hill Hospital,22,"2,396"
N21000149,Banbridge_Q,Daisy Hill Hospital,17,"2,490"
N21000150,Cusher_A,Craigavon Area Hospital,9.01,"1,410"
N21000151,Cusher_B,Craigavon Area Hospital,12.83,"2,738"
N21000152,Cusher_C,Craigavon Area Hospital,11.31,"1,832"
N21000153,Cusher_D,Craigavon Area Hospital,13.03,"1,778"
N21000154,Cusher_E,Craigavon Area Hospital,14.61,"2,975"
N21000155,Cusher_F,Craigavon Area Hospital,12.03,"1,713"
N21000156,Cusher_G,Craigavon Area Hospital,15.74,"2,345"
N21000157,Cusher_H,Daisy Hill Hospital,15.23,"2,524"
N21000158,Cusher_J,Daisy Hill Hospital,18.48,"1,906"
N21000159,Cusher_K,Daisy Hill Hospital,19.05,"3,592"
N21000160,Cusher_L,Daisy Hill Hospital,28.47,"3,382"
N21000161,Oldpark_A,Mater Hospital,6.37,"2,707"
N21000162,Oldpark_B,Mater Hospital,3.12,"1,676"
N21000163,Oldpark_C,Mater Hospital,3.15,"1,998"
N21000164,Oldpark_D,Mater Hospital,3.81,"2,127"
N21000165,Oldpark_E,Mater Hospital,2.54,"2,310"
N21000166,Oldpark_F,Mater Hospital,3.19,"1,555"
N21000167,Oldpark_G,Mater Hospital,1.96,"2,192"
N21000168,Oldpark_H,Mater Hospital,1.56,"1,551"
N21000169,Oldpark_J,Mater Hospital,2.01,"1,337"
N21000170,Oldpark_K,Mater Hospital,2.27,"1,830"
N21000171,Oldpark_L,Mater Hospital,0.99,"2,262"
N21000172,Oldpark_N,Mater Hospital,1.21,"2,386"
N21000173,Oldpark_P,Mater Hospital,1.53,"1,275"
N21000174,Oldpark_Q,Mater Hospital,0.93,"2,046"
N21000175,Oldpark_R,Mater Hospital,0.86,"2,293"
N21000176,Oldpark_S,Mater Hospital,0.55,"1,459"
N21000177,Oldpark_T,Mater Hospital,0.9,"1,572"
N21000178,Oldpark_U,Mater Hospital,0.44,"1,775"
N21000179,Castle_A,Mater Hospital,6.12,"1,702"
N21000180,Castle_B,Mater Hospital,5.93,"1,939"
N21000181,Castle_C,Mater Hospital,4.83,"1,751"
N21000182,Castle_D,Mater Hospital,4.14,"1,797"
N21000183,Castle_E,Mater Hospital,4.31,"1,595"
N21000184,Castle_F,Mater Hospital,3.48,"1,388"
N21000185,Castle_G,Mater Hospital,3.85,"2,406"
N21000186,Castle_H,Mater Hospital,3.63,"2,411"
N21000187,Castle_J,Mater Hospital,2.98,"2,442"
N21000188,Castle_K,Mater Hospital,3.11,"1,486"
N21000189,Castle_L,Mater Hospital,2.62,"2,040"
N21000190,Castle_N,Mater Hospital,2.35,"1,140"
N21000191,Castle_P,Mater Hospital,2.69,"1,296"
N21000192,Castle_Q,Mater Hospital,3.63,"2,146"
N21000193,Castle_R,Mater Hospital,2.05,"2,219"
N21000194,Castle_S,Mater Hospital,1.74,"1,580"
N21000195,Castle_T,Mater Hospital,1.93,"1,967"
N21000196,Castle_U,Mater Hospital,1.96,"2,371"
N21000197,Titanic_A,Mater Hospital,5.75,"1,248"
N21000198,Titanic_B,Mater Hospital,2.9,"1,760"
N21000199,Titanic_C,Mater Hospital,4.21,"1,885"
N21000200,Titanic_D,Mater Hospital,4.68,"2,020"
N21000201,Titanic_E,Mater Hospital,3.69,"1,518"
N21000202,Titanic_F,Mater Hospital,3.18,"1,993"
N21000203,Titanic_G,Mater Hospital,4.45,"1,096"
N21000204,Titanic_H,Mater Hospital,2.8,"2,370"
N21000205,Titanic_J,Mater Hospital,3.82,"1,905"
N21000206,Titanic_K,Mater Hospital,4.42,"1,405"
N21000207,Titanic_L,Mater Hospital,3.41,"1,669"
N21000208,Titanic_N,Mater Hospital,3.74,"1,586"
N21000209,Titanic_P,Mater Hospital,3.07,"1,684"
N21000210,Titanic_Q,Mater Hospital,4.51,"1,836"
N21000211,Titanic_R,Ulster Hospital,4.65,"1,991"
N21000212,Titanic_S,Mater Hospital,3.37,"1,472"
N21000213,Titanic_T,Mater Hospital,3.7,"1,860"
N21000214,Titanic_U,Mater Hospital,3.84,"1,179"
N21000215,Titanic_W,Mater Hospital,4,"1,457"
N21000216,Titanic_X,Mater Hospital,5,"1,240"
N21000217,Titanic_Y,Mater Hospital,3.66,"1,629"
N21000218,Titanic_Z,Mater Hospital,4.04,"1,320"
N21000219,Ormiston_A,Ulster Hospital,5.4,"1,898"
N21000220,Ormiston_B,Ulster Hospital,5.3,"2,079"
N21000221,Ormiston_C,Ulster Hospital,5.37,"2,472"
N21000222,Ormiston_D,Mater Hospital,5.34,"2,219"
N21000223,Ormiston_E,Ulster Hospital,4.62,"1,938"
N21000224,Ormiston_F,Ulster Hospital,3.5,"2,482"
N21000225,Ormiston_G,Ulster Hospital,3.22,"2,151"
N21000226,Ormiston_H,Ulster Hospital,3.84,"1,872"
N21000227,Ormiston_J,Ulster Hospital,1.67,"1,960"
N21000228,Ormiston_K,Ulster Hospital,4.54,"1,989"
N21000229,Ormiston_L,Ulster Hospital,2.14,"2,126"
N21000230,Ormiston_N,Ulster Hospital,3.57,"2,362"
N21000231,Ormiston_P,Ulster Hospital,4.15,"2,241"
N21000232,Ormiston_Q,Ulster Hospital,4.14,"1,126"
N21000233,Ormiston_R,Ulster Hospital,3.88,"1,758"
N21000234,Ormiston_S,Ulster Hospital,4.77,"1,884"
N21000235,Ormiston_T,Ulster Hospital,5.97,"2,059"
N21000236,Lisnasharragh_A,Mater Hospital,4.41,"1,744"
N21000237,Lisnasharragh_B,Mater Hospital,5.3,"2,562"
N21000238,Lisnasharragh_C,Mater Hospital,4.08,"1,291"
N21000239,Lisnasharragh_D,Mater Hospital,4.4,"1,522"
N21000240,Lisnasharragh_E,Mater Hospital,5.22,"1,871"
N21000241,Lisnasharragh_F,Mater Hospital,5.44,"1,914"
N21000242,Lisnasharragh_G,Ulster Hospital,5.43,"1,501"
N21000243,Lisnasharragh_H,Mater Hospital,5.36,"1,278"
N21000244,Lisnasharragh_J,Ulster Hospital,6.03,"1,929"
N21000245,Lisnasharragh_K,Royal Victoria Hospital,4.44,"1,978"
N21000246,Lisnasharragh_L,Royal Victoria Hospital,5.63,"1,849"
N21000247,Lisnasharragh_N,Ulster Hospital,5.98,"2,797"
N21000248,Lisnasharragh_P,Mater Hospital,6.41,"2,641"
N21000249,Lisnasharragh_Q,Royal Victoria Hospital,4.86,"1,820"
N21000250,Lisnasharragh_R,Mater Hospital,6.75,"2,472"
N21000251,Botanic_A,Royal Victoria Hospital,1.49,"3,374"
N21000252,Botanic_B,Mater Hospital,2.33,"1,626"
N21000253,Botanic_C,Royal Victoria Hospital,2.03,"2,313"
N21000254,Botanic_D,Royal Victoria Hospital,2.63,"1,815"
N21000255,Botanic_E,Royal Victoria Hospital,2.95,"1,807"
N21000256,Botanic_F,Royal Victoria Hospital,2.4,"1,858"
N21000257,Botanic_G,Royal Victoria Hospital,3.19,"1,522"
N21000258,Botanic_H,Royal Victoria Hospital,2.33,"2,833"
N21000259,Botanic_J,Royal Victoria Hospital,3,"1,909"
N21000260,Botanic_K,Royal Victoria Hospital,3.04,"2,030"
N21000261,Botanic_L,Royal Victoria Hospital,2.82,"2,156"
N21000262,Botanic_N,Royal Victoria Hospital,3.24,"2,732"
N21000263,Botanic_P,Mater Hospital,4.3,"2,315"
N21000264,Botanic_Q,Royal Victoria Hospital,2.98,"2,694"
N21000265,Botanic_R,Royal Victoria Hospital,3.06,"2,710"
N21000266,Botanic_S,Royal Victoria Hospital,3.45,"2,101"
N21000267,Botanic_T,Royal Victoria Hospital,3.67,"1,797"
N21000268,Botanic_U,Royal Victoria Hospital,2.99,"1,307"
N21000269,Botanic_W,Royal Victoria Hospital,4.02,"2,416"
N21000270,Botanic_X,Royal Victoria Hospital,3.91,"3,639"
N21000271,Botanic_Y,Royal Victoria Hospital,3.92,"2,967"
N21000272,Botanic_Z,Royal Victoria Hospital,4.8,"1,806"
N21000273,Balmoral_A,Royal Victoria Hospital,4.44,"2,265"
N21000274,Balmoral_B,Royal Victoria Hospital,4.65,"1,278"
N21000275,Balmoral_C,Royal Victoria Hospital,4.61,"1,569"
N21000276,Balmoral_D,Royal Victoria Hospital,4.86,"2,134"
N21000277,Balmoral_E,Royal Victoria Hospital,5.38,"2,229"
N21000278,Balmoral_F,Royal Victoria Hospital,7.02,"2,014"
N21000279,Balmoral_G,Royal Victoria Hospital,5.56,"1,824"
N21000280,Balmoral_H,Royal Victoria Hospital,5.57,"1,548"
N21000281,Balmoral_J,Royal Victoria Hospital,6.9,"2,168"
N21000282,Balmoral_K,Royal Victoria Hospital,7.55,"1,514"
N21000283,Balmoral_L,Royal Victoria Hospital,6.93,"1,971"
N21000284,Balmoral_N,Royal Victoria Hospital,7.36,"2,125"
N21000285,Balmoral_P,Royal Victoria Hospital,8.4,"1,855"
N21000286,Collin_A,Royal Victoria Hospital,4.45,"1,732"
N21000287,Collin_B,Royal Victoria Hospital,7.39,"2,902"
N21000288,Collin_C,Royal Victoria Hospital,5.19,"1,909"
N21000289,Collin_D,Royal Victoria Hospital,4.97,"2,401"
N21000290,Collin_E,Royal Victoria Hospital,7.47,"2,344"
N21000291,Collin_F,Royal Victoria Hospital,5.57,"1,787"
N21000292,Collin_G,Royal Victoria Hospital,6.57,"2,729"
N21000293,Collin_H,Royal Victoria Hospital,6.92,"2,765"
N21000294,Collin_J,Royal Victoria Hospital,7.57,"1,947"
N21000295,Collin_K,Royal Victoria Hospital,6.61,"2,077"
N21000296,Collin_L,Royal Victoria Hospital,8.52,"2,125"
N21000297,Collin_N,Royal Victoria Hospital,7.43,"2,607"
N21000298,Collin_P,Royal Victoria Hospital,7.71,"2,278"
N21000299,Collin_Q,Royal Victoria Hospital,7.61,"2,394"
N21000300,Collin_R,Royal Victoria Hospital,6.96,"1,912"
N21000301,Black_Mountain_A,Royal Victoria Hospital,2.62,"3,149"
N21000302,Black_Mountain_B,Royal Victoria Hospital,2.06,"2,205"
N21000303,Black_Mountain_C,Royal Victoria Hospital,0.5,"1,863"
N21000304,Black_Mountain_D,Royal Victoria Hospital,7.43,"2,696"
N21000305,Black_Mountain_E,Royal Victoria Hospital,1.07,"2,328"
N21000306,Black_Mountain_F,Royal Victoria Hospital,2.13,"2,411"
N21000307,Black_Mountain_G,Royal Victoria Hospital,2.39,"2,800"
N21000308,Black_Mountain_H,Royal Victoria Hospital,3.03,"2,128"
N21000309,Black_Mountain_J,Royal Victoria Hospital,1.6,"2,626"
N21000310,Black_Mountain_K,Royal Victoria Hospital,3.76,"1,857"
N21000311,Black_Mountain_L,Royal Victoria Hospital,3.63,"2,438"
N21000312,Black_Mountain_N,Royal Victoria Hospital,4.65,"2,389"
N21000313,Black_Mountain_P,Royal Victoria Hospital,4.89,"2,561"
N21000314,Black_Mountain_Q,Royal Victoria Hospital,4.46,"1,788"
N21000315,Black_Mountain_R,Royal Victoria Hospital,3.52,"2,637"
N21000316,Court_A,Mater Hospital,2.54,"1,574"
N21000317,Court_B,Mater Hospital,1.86,"1,870"
N21000318,Court_C,Mater Hospital,3.58,"1,577"
N21000319,Court_D,Mater Hospital,0.98,"1,695"
N21000320,Court_E,Royal Victoria Hospital,2.88,"2,396"
N21000321,Court_F,Mater Hospital,2.02,"1,196"
N21000322,Court_G,Mater Hospital,0.56,"1,275"
N21000323,Court_H,Mater Hospital,1.43,"1,831"
N21000324,Court_J,Royal Victoria Hospital,2.65,"1,937"
N21000325,Court_K,Mater Hospital,1.16,"1,621"
N21000326,Court_L,Royal Victoria Hospital,3.54,"1,368"
N21000327,Court_N,Royal Victoria Hospital,0.9,"1,678"
N21000328,Court_P,Mater Hospital,1.45,"1,503"
N21000329,Court_Q,Mater Hospital,1.16,"1,288"
N21000330,Court_R,Royal Victoria Hospital,2.06,"1,521"
N21000331,Court_S,Royal Victoria Hospital,0.58,"2,189"
N21000332,Court_T,Royal Victoria Hospital,1.96,"1,435"
N21000333,Court_U,Royal Victoria Hospital,0.51,"1,267"
N21000334,Court_W,Royal Victoria Hospital,0.75,"2,045"
N21000335,Court_X,Royal Victoria Hospital,0.15,"2,210"
N21000336,Benbradagh_A,Altnagelvin,20.61,"3,005"
N21000337,Benbradagh_B,Causeway Area Hospital,25.05,"1,852"
N21000338,Benbradagh_C,Altnagelvin,14.9,"1,465"
N21000339,Benbradagh_D,Altnagelvin,23.83,"2,975"
N21000340,Benbradagh_E,Altnagelvin,32.28,"3,308"
N21000341,Benbradagh_F,Altnagelvin,27.75,"3,346"
N21000342,Benbradagh_G,Altnagelvin,31.56,"1,868"
N21000343,Limavady_A,Causeway Area Hospital,24.72,"2,860"
N21000344,Limavady_B,Causeway Area Hospital,22.38,"1,228"
N21000345,Limavady_C,Causeway Area Hospital,21.97,"2,268"
N21000346,Limavady_D,Causeway Area Hospital,21.16,"3,232"
N21000347,Limavady_E,Causeway Area Hospital,22.46,"2,739"
N21000348,Limavady_F,Causeway Area Hospital,18.16,"2,095"
N21000349,Limavady_G,Causeway Area Hospital,22.38,"1,808"
N21000350,Bann_A,Causeway Area Hospital,11.53,"1,155"
N21000351,Bann_B,Causeway Area Hospital,12.03,"2,783"
N21000352,Bann_C,Causeway Area Hospital,8.36,"2,402"
N21000353,Bann_D,Causeway Area Hospital,14.11,"3,529"
N21000354,Bann_E,Causeway Area Hospital,17.56,"1,863"
N21000355,Bann_F,Causeway Area Hospital,17.93,"1,252"
N21000356,Bann_G,Causeway Area Hospital,21.16,"2,857"
N21000357,Bann_H,Causeway Area Hospital,23.69,"1,694"
N21000358,Coleraine_A,Causeway Area Hospital,3.52,"2,830"
N21000359,Coleraine_B,Causeway Area Hospital,3.79,"2,729"
N21000360,Coleraine_C,Causeway Area Hospital,2.41,"2,624"
N21000361,Coleraine_D,Causeway Area Hospital,2.13,"1,288"
N21000362,Coleraine_E,Causeway Area Hospital,2.15,"1,877"
N21000363,Coleraine_F,Causeway Area Hospital,3.15,"2,351"
N21000364,Coleraine_G,Causeway Area Hospital,1.85,"2,188"
N21000365,Coleraine_H,Causeway Area Hospital,0.93,"2,775"
N21000366,Coleraine_J,Causeway Area Hospital,2.07,"2,793"
N21000367,Coleraine_K,Causeway Area Hospital,1.26,"2,171"
N21000368,Causeway_A,Causeway Area Hospital,18.31,"1,427"
N21000369,Causeway_B,Causeway Area Hospital,9.39,"1,286"
N21000370,Causeway_C,Causeway Area Hospital,13.8,"1,247"
N21000371,Causeway_D,Causeway Area Hospital,9.11,"1,783"
N21000372,Causeway_E,Causeway Area Hospital,8.67,"3,081"
N21000373,Causeway_F,Causeway Area Hospital,8.65,"2,068"
N21000374,Causeway_G,Causeway Area Hospital,8.5,"2,653"
N21000375,Causeway_H,Causeway Area Hospital,7.59,"3,132"
N21000376,Causeway_J,Causeway Area Hospital,12.3,"1,999"
N21000377,Causeway_K,Causeway Area Hospital,4.48,"2,985"
N21000378,Causeway_L,Causeway Area Hospital,15.9,"2,882"
N21000379,The_Glens_A,Causeway Area Hospital,29.06,"3,155"
N21000380,The_Glens_B,Causeway Area Hospital,41.28,"2,614"
N21000381,The_Glens_C,Causeway Area Hospital,35.31,"2,789"
N21000382,The_Glens_D,Causeway Area Hospital,22.27,"1,882"
N21000383,The_Glens_E,Causeway Area Hospital,42.57,"1,922"
N21000384,The_Glens_F,Causeway Area Hospital,24.71,"3,088"
N21000385,The_Glens_G,Antrim Area Hospital,42.95,"2,027"
N21000386,Ballymoney_A,Causeway Area Hospital,7.92,"2,591"
N21000387,Ballymoney_B,Causeway Area Hospital,11.51,"2,375"
N21000388,Ballymoney_C,Causeway Area Hospital,9.87,"2,209"
N21000389,Ballymoney_D,Causeway Area Hospital,10.73,"1,928"
N21000390,Ballymoney_E,Causeway Area Hospital,12.1,"2,188"
N21000391,Ballymoney_F,Causeway Area Hospital,11.38,"2,347"
N21000392,Ballymoney_G,Causeway Area Hospital,20.54,"1,725"
N21000393,Ballymoney_H,Causeway Area Hospital,22.86,"3,237"
N21000394,Ballymoney_J,Causeway Area Hospital,25.57,"1,236"
N21000395,Ballymoney_K,Causeway Area Hospital,19.91,"3,312"
N21000396,Ballymoney_L,Causeway Area Hospital,27,"1,370"
N21000397,The_Moor_A,Altnagelvin,5.45,"2,560"
N21000398,The_Moor_B,Altnagelvin,4.56,"2,920"
N21000399,The_Moor_C,Altnagelvin,3.53,"1,150"
N21000400,The_Moor_D,Altnagelvin,5.57,"2,922"
N21000401,The_Moor_E,Altnagelvin,5.46,"1,565"
N21000402,The_Moor_F,Altnagelvin,3.49,"2,228"
N21000403,The_Moor_G,Altnagelvin,2.88,"1,735"
N21000404,The_Moor_H,Altnagelvin,7.2,"2,047"
N21000405,Foyleside_A,Altnagelvin,8.23,"2,956"
N21000406,Foyleside_B,Altnagelvin,5.94,"2,117"
N21000407,Foyleside_C,Altnagelvin,6.23,"2,420"
N21000408,Foyleside_D,Altnagelvin,5.63,"3,103"
N21000409,Foyleside_E,Altnagelvin,6.52,"3,366"
N21000410,Foyleside_F,Altnagelvin,4.57,"1,544"
N21000411,Foyleside_G,Altnagelvin,4.59,"2,063"
N21000412,Ballyarnett_A,Altnagelvin,10.25,"2,472"
N21000413,Ballyarnett_B,Altnagelvin,10.03,"2,284"
N21000414,Ballyarnett_C,Altnagelvin,11.12,"1,470"
N21000415,Ballyarnett_D,Altnagelvin,11.46,"3,044"
N21000416,Ballyarnett_E,Altnagelvin,8.78,"2,031"
N21000417,Ballyarnett_F,Altnagelvin,7.54,"2,102"
N21000418,Ballyarnett_G,Altnagelvin,8.67,"2,863"
N21000419,Ballyarnett_H,Altnagelvin,6.58,"1,962"
N21000420,Ballyarnett_J,Altnagelvin,8.03,"2,100"
N21000421,Ballyarnett_K,Altnagelvin,7.1,"2,446"
N21000422,Ballyarnett_L,Altnagelvin,6.66,"2,476"
N21000423,Waterside_A,Altnagelvin,2.96,"2,429"
N21000424,Waterside_B,Altnagelvin,3.66,"1,994"
N21000425,Waterside_C,Altnagelvin,2.25,"2,533"
N21000426,Waterside_D,Altnagelvin,2.13,"1,995"
N21000427,Waterside_E,Altnagelvin,1.3,"2,066"
N21000428,Waterside_F,Altnagelvin,1.13,"2,209"
N21000429,Waterside_G,Altnagelvin,1.04,"2,208"
N21000430,Waterside_H,Altnagelvin,0.89,"2,190"
N21000431,Waterside_J,Altnagelvin,0.56,"2,542"
N21000432,Waterside_K,Altnagelvin,1.8,"2,202"
N21000433,Waterside_L,Altnagelvin,3.23,"2,265"
N21000434,Waterside_N,Altnagelvin,1.29,"2,110"
N21000435,Waterside_P,Altnagelvin,1.32,"2,303"
N21000436,Faughan_A,Altnagelvin,6.64,"2,608"
N21000437,Faughan_B,Altnagelvin,11.45,"1,145"
N21000438,Faughan_C,Altnagelvin,11.32,"2,426"
N21000439,Faughan_D,Altnagelvin,7.22,"2,475"
N21000440,Faughan_E,Altnagelvin,10.16,"3,420"
N21000441,Faughan_F,Altnagelvin,6.85,"2,837"
N21000442,Faughan_G,Altnagelvin,8.15,"2,990"
N21000443,Faughan_H,Altnagelvin,12.41,"1,335"
N21000444,Sperrin_A,Altnagelvin,17.67,"2,122"
N21000445,Sperrin_B,Altnagelvin,18.66,"2,978"
N21000446,Sperrin_C,Altnagelvin,25.7,"2,509"
N21000447,Sperrin_D,Altnagelvin,23.08,"2,887"
N21000448,Sperrin_E,Altnagelvin,24.07,"1,393"
N21000449,Sperrin_F,Altnagelvin,22.97,"3,048"
N21000450,Sperrin_G,Altnagelvin,24.98,"2,720"
N21000451,Sperrin_H,Altnagelvin,25.31,"2,932"
N21000452,Sperrin_J,Altnagelvin,26.08,"1,439"
N21000453,Sperrin_K,Altnagelvin,34.18,"2,691"
N21000454,Derg_A,Altnagelvin,25.86,"2,135"
N21000455,Derg_B,Altnagelvin,28.97,"1,978"
N21000456,Derg_C,Altnagelvin,32.71,"2,442"
N21000457,Derg_D,Altnagelvin,37.38,"1,908"
N21000458,Derg_E,Altnagelvin,39.1,"1,425"
N21000459,Derg_F,Altnagelvin,43.02,"2,980"
N21000460,Derg_G,Altnagelvin,40.27,"1,933"
N21000461,Derg_H,South West Acute Hospital,51.74,"3,008"
N21000462,Erne_East_A,South West Acute Hospital,18.52,"2,860"
N21000463,Erne_East_B,South West Acute Hospital,37.58,"2,828"
N21000464,Erne_East_C,South West Acute Hospital,19.06,"1,898"
N21000465,Erne_East_D,South West Acute Hospital,35.99,"3,020"
N21000466,Erne_East_E,South West Acute Hospital,32.18,"2,777"
N21000467,Erne_East_F,South West Acute Hospital,31.19,"2,564"
N21000468,Erne_West_A,South West Acute Hospital,32.4,"2,272"
N21000469,Erne_West_B,South West Acute Hospital,35.31,"1,575"
N21000470,Erne_West_C,South West Acute Hospital,7.14,"2,914"
N21000471,Erne_West_D,South West Acute Hospital,14.22,"2,683"
N21000472,Erne_West_E,South West Acute Hospital,13.81,"2,499"
N21000473,Erne_West_F,South West Acute Hospital,24.58,"2,717"
N21000474,Enniskillen_A,South West Acute Hospital,8.14,"1,917"
N21000475,Enniskillen_B,South West Acute Hospital,1.19,"2,666"
N21000476,Enniskillen_C,South West Acute Hospital,5.22,"2,226"
N21000477,Enniskillen_D,South West Acute Hospital,4.54,"2,478"
N21000478,Enniskillen_E,South West Acute Hospital,2.65,"1,607"
N21000479,Enniskillen_F,South West Acute Hospital,3.88,"2,340"
N21000480,Enniskillen_G,South West Acute Hospital,8.44,"2,900"
N21000481,Enniskillen_H,South West Acute Hospital,4.09,"2,317"
N21000482,Erne_North_A,South West Acute Hospital,23.81,"2,283"
N21000483,Erne_North_B,South West Acute Hospital,38.51,"2,534"
N21000484,Erne_North_C,South West Acute Hospital,20.3,"1,799"
N21000485,Erne_North_D,South West Acute Hospital,12.7,"2,325"
N21000486,Erne_North_E,South West Acute Hospital,7.16,"1,364"
N21000487,Erne_North_F,South West Acute Hospital,18.87,"2,645"
N21000488,Erne_North_G,South West Acute Hospital,9.34,"2,134"
N21000489,West_Tyrone_A,South West Acute Hospital,43.11,"2,498"
N21000490,West_Tyrone_B,South West Acute Hospital,36.59,"1,686"
N21000491,West_Tyrone_C,South West Acute Hospital,30.62,"2,954"
N21000492,West_Tyrone_D,South West Acute Hospital,30.71,"1,217"
N21000493,West_Tyrone_E,South West Acute Hospital,21.87,"2,772"
N21000494,West_Tyrone_F,South West Acute Hospital,38.81,"2,866"
N21000495,West_Tyrone_G,South West Acute Hospital,20.87,"2,610"
N21000496,Omagh_A,South West Acute Hospital,42.15,"3,211"
N21000497,Omagh_B,South West Acute Hospital,40.85,"1,231"
N21000498,Omagh_C,South West Acute Hospital,40.32,"2,749"
N21000499,Omagh_D,South West Acute Hospital,40,"1,670"
N21000500,Omagh_E,South West Acute Hospital,42.54,"2,335"
N21000501,Omagh_F,South West Acute Hospital,38.49,"1,767"
N21000502,Omagh_G,South West Acute Hospital,41.27,"2,468"
N21000503,Omagh_H,South West Acute Hospital,38.19,"3,048"
N21000504,Mid_Tyrone_A,Altnagelvin,51.13,"2,963"
N21000505,Mid_Tyrone_B,Altnagelvin,43.01,"2,878"
N21000506,Mid_Tyrone_C,South West Acute Hospital,41.77,"1,978"
N21000507,Mid_Tyrone_D,South West Acute Hospital,49.43,"2,761"
N21000508,Mid_Tyrone_E,Craigavon Area Hospital,53.61,"3,076"
N21000509,Mid_Tyrone_F,South West Acute Hospital,43.54,"1,814"
N21000510,Mid_Tyrone_G,South West Acute Hospital,48.77,"2,120"
N21000511,Downshire_West_A,Royal Victoria Hospital,14.14,"2,657"
N21000512,Downshire_West_B,Royal Victoria Hospital,17.53,"2,800"
N21000513,Downshire_West_C,Craigavon Area Hospital,13.79,"2,659"
N21000514,Downshire_West_D,Craigavon Area Hospital,14.26,"2,232"
N21000515,Downshire_West_E,Royal Victoria Hospital,18.4,"1,793"
N21000516,Downshire_West_F,Royal Victoria Hospital,19.02,"1,716"
N21000517,Downshire_West_G,Craigavon Area Hospital,20.43,"3,336"
N21000518,Killultagh_A,Royal Victoria Hospital,20.56,"2,441"
N21000519,Killultagh_B,Royal Victoria Hospital,12.62,"2,727"
N21000520,Killultagh_C,Royal Victoria Hospital,21.5,"3,213"
N21000521,Killultagh_D,Royal Victoria Hospital,11.27,"2,271"
N21000522,Killultagh_E,Royal Victoria Hospital,12.88,"3,244"
N21000523,Killultagh_F,Craigavon Area Hospital,17.27,"2,251"
N21000524,Killultagh_G,Royal Victoria Hospital,18.83,"2,735"
N21000525,Killultagh_H,Craigavon Area Hospital,18.12,"3,135"
N21000526,Lisburn_South_A,Royal Victoria Hospital,11.9,"1,423"
N21000527,Lisburn_South_B,Royal Victoria Hospital,12.65,"2,459"
N21000528,Lisburn_South_C,Royal Victoria Hospital,12.77,"2,835"
N21000529,Lisburn_South_D,Royal Victoria Hospital,13.41,"2,081"
N21000530,Lisburn_South_E,Royal Victoria Hospital,14.78,"3,610"
N21000531,Lisburn_South_F,Royal Victoria Hospital,13.09,"1,382"
N21000532,Lisburn_South_G,Royal Victoria Hospital,14.91,"2,910"
N21000533,Lisburn_South_H,Royal Victoria Hospital,14.03,"2,627"
N21000534,Lisburn_South_J,Royal Victoria Hospital,13.38,"2,355"
N21000535,Lisburn_South_K,Royal Victoria Hospital,14.38,"2,636"
N21000536,Lisburn_North_A,Royal Victoria Hospital,7.83,"1,389"
N21000537,Lisburn_North_B,Royal Victoria Hospital,9.17,"1,633"
N21000538,Lisburn_North_C,Royal Victoria Hospital,8.79,"2,910"
N21000539,Lisburn_North_D,Royal Victoria Hospital,9.19,"2,122"
N21000540,Lisburn_North_E,Royal Victoria Hospital,9.86,"2,012"
N21000541,Lisburn_North_F,Royal Victoria Hospital,10.03,"3,036"
N21000542,Lisburn_North_G,Royal Victoria Hospital,13.54,"3,716"
N21000543,Lisburn_North_H,Royal Victoria Hospital,11.38,"2,180"
N21000544,Lisburn_North_J,Royal Victoria Hospital,11.02,"2,226"
N21000545,Lisburn_North_K,Royal Victoria Hospital,12.28,"2,224"
N21000546,Downshire_East_A,Royal Victoria Hospital,11.82,"3,264"
N21000547,Downshire_East_B,Royal Victoria Hospital,12.05,"1,729"
N21000548,Downshire_East_C,Royal Victoria Hospital,12.18,"1,830"
N21000549,Downshire_East_D,Royal Victoria Hospital,17.73,"2,371"
N21000550,Downshire_East_E,Royal Victoria Hospital,17.67,"3,338"
N21000551,Downshire_East_F,Royal Victoria Hospital,27.78,"2,168"
N21000552,Downshire_East_G,Royal Victoria Hospital,31.3,"2,047"
N21000553,Castlereagh_South_A,Royal Victoria Hospital,6.21,"2,660"
N21000554,Castlereagh_South_B,Royal Victoria Hospital,8.83,"3,114"
N21000555,Castlereagh_South_C,Royal Victoria Hospital,6.67,"2,121"
N21000556,Castlereagh_South_D,Royal Victoria Hospital,7.87,"2,828"
N21000557,Castlereagh_South_E,Royal Victoria Hospital,9.25,"3,619"
N21000558,Castlereagh_South_F,Royal Victoria Hospital,11.47,"1,572"
N21000559,Castlereagh_South_G,Royal Victoria Hospital,11.88,"2,188"
N21000560,Castlereagh_South_H,Royal Victoria Hospital,11.82,"2,330"
N21000561,Castlereagh_South_J,Royal Victoria Hospital,13.57,"3,057"
N21000562,Castlereagh_East_A,Ulster Hospital,2.16,"2,519"
N21000563,Castlereagh_East_B,Ulster Hospital,2.22,"2,478"
N21000564,Castlereagh_East_C,Ulster Hospital,0.52,"2,375"
N21000565,Castlereagh_East_D,Ulster Hospital,0.74,"1,929"
N21000566,Castlereagh_East_E,Ulster Hospital,1.05,"1,954"
N21000567,Castlereagh_East_F,Ulster Hospital,1.18,"2,204"
N21000568,Castlereagh_East_G,Ulster Hospital,1.57,"2,223"
N21000569,Castlereagh_East_H,Ulster Hospital,2.19,"2,462"
N21000570,Castlereagh_East_J,Ulster Hospital,9.71,"2,161"
N21000571,Castlereagh_East_K,Ulster Hospital,12.01,"1,594"
N21000572,Bannside_A,Antrim Area Hospital,26.87,"2,293"
N21000573,Bannside_B,Antrim Area Hospital,22.96,"2,659"
N21000574,Bannside_C,Antrim Area Hospital,30.38,"2,223"
N21000575,Bannside_D,Antrim Area Hospital,28.63,"1,370"
N21000576,Bannside_E,Antrim Area Hospital,19.99,"2,853"
N21000577,Bannside_F,Antrim Area Hospital,23.35,"1,879"
N21000578,Bannside_G,Antrim Area Hospital,23.22,"1,658"
N21000579,Bannside_H,Antrim Area Hospital,22.68,"2,352"
N21000580,Bannside_J,Antrim Area Hospital,19.14,"2,555"
N21000581,Ballymena_A,Antrim Area Hospital,19.98,"1,923"
N21000582,Ballymena_B,Antrim Area Hospital,19.32,"2,918"
N21000583,Ballymena_C,Antrim Area Hospital,19.48,"2,486"
N21000584,Ballymena_D,Antrim Area Hospital,19.26,"2,711"
N21000585,Ballymena_E,Antrim Area Hospital,18.2,"2,607"
N21000586,Ballymena_F,Antrim Area Hospital,19.04,"2,707"
N21000587,Ballymena_G,Antrim Area Hospital,17.36,"2,621"
N21000588,Ballymena_H,Antrim Area Hospital,16.87,"2,229"
N21000589,Ballymena_J,Antrim Area Hospital,16.61,"1,171"
N21000590,Ballymena_K,Antrim Area Hospital,17.98,"2,918"
N21000591,Braid_A,Causeway Area Hospital,32.3,"2,910"
N21000592,Braid_B,Antrim Area Hospital,26.75,"2,126"
N21000593,Braid_C,Antrim Area Hospital,25.53,"3,466"
N21000594,Braid_D,Antrim Area Hospital,20.49,"1,372"
N21000595,Braid_E,Antrim Area Hospital,21.57,"1,725"
N21000596,Braid_F,Antrim Area Hospital,20.42,"3,179"
N21000597,Braid_G,Antrim Area Hospital,15.94,"2,381"
N21000598,Braid_H,Antrim Area Hospital,15.99,"3,426"
N21000599,Braid_J,Antrim Area Hospital,18.37,"1,119"
N21000600,Braid_K,Antrim Area Hospital,10.09,"2,120"
N21000601,Coast_Road_A,Antrim Area Hospital,39.78,"1,475"
N21000602,Coast_Road_B,Antrim Area Hospital,38.07,"1,245"
N21000603,Coast_Road_C,Mater Hospital,38.16,"1,890"
N21000604,Coast_Road_D,Mater Hospital,35.13,"2,146"
N21000605,Coast_Road_E,Mater Hospital,32.75,"2,010"
N21000606,Coast_Road_F,Mater Hospital,32.25,"2,404"
N21000607,Coast_Road_G,Mater Hospital,33.77,"1,971"
N21000608,Coast_Road_H,Mater Hospital,31.4,"2,074"
N21000609,Coast_Road_J,Mater Hospital,31.81,"1,790"
N21000610,Larne_Lough_A,Mater Hospital,33.49,"1,227"
N21000611,Larne_Lough_B,Mater Hospital,32.82,"2,183"
N21000612,Larne_Lough_C,Mater Hospital,30.03,"3,048"
N21000613,Larne_Lough_D,Mater Hospital,25.79,"2,300"
N21000614,Larne_Lough_E,Mater Hospital,32.64,"2,065"
N21000615,Larne_Lough_F,Mater Hospital,30.58,"2,477"
N21000616,Larne_Lough_G,Mater Hospital,28.33,"1,488"
N21000617,Larne_Lough_H,Mater Hospital,25.79,"1,365"
N21000618,Larne_Lough_J,Mater Hospital,24.79,"2,172"
N21000619,Carrick_Castle_A,Mater Hospital,22.96,"2,439"
N21000620,Carrick_Castle_B,Mater Hospital,20.21,"1,902"
N21000621,Carrick_Castle_C,Mater Hospital,20.1,"2,692"
N21000622,Carrick_Castle_D,Mater Hospital,18.09,"2,196"
N21000623,Carrick_Castle_E,Mater Hospital,18.88,"2,383"
N21000624,Carrick_Castle_F,Mater Hospital,17.81,"2,067"
N21000625,Carrick_Castle_G,Mater Hospital,16.92,"1,793"
N21000626,Carrick_Castle_H,Mater Hospital,16.28,"1,337"
N21000627,Carrick_Castle_J,Mater Hospital,15.65,"1,621"
N21000628,Knockagh_A,Mater Hospital,21.12,"1,556"
N21000629,Knockagh_B,Mater Hospital,18.02,"1,717"
N21000630,Knockagh_C,Mater Hospital,17.89,"2,294"
N21000631,Knockagh_D,Mater Hospital,17.45,"1,450"
N21000632,Knockagh_E,Mater Hospital,16.72,"1,547"
N21000633,Knockagh_F,Mater Hospital,14.84,"2,704"
N21000634,Knockagh_G,Mater Hospital,13.74,"2,317"
N21000635,Knockagh_H,Mater Hospital,12.55,"2,000"
N21000636,Knockagh_J,Mater Hospital,12.06,"1,688"
N21000637,Carntogher_A,Causeway Area Hospital,29.76,"3,022"
N21000638,Carntogher_B,Causeway Area Hospital,27.57,"2,808"
N21000639,Carntogher_C,Antrim Area Hospital,36.65,"3,382"
N21000640,Carntogher_D,Causeway Area Hospital,40.93,"3,721"
N21000641,Carntogher_E,Causeway Area Hospital,34.34,"2,339"
N21000642,Carntogher_F,Causeway Area Hospital,34.23,"1,896"
N21000643,Moyola_A,Antrim Area Hospital,35.94,"1,934"
N21000644,Moyola_B,Causeway Area Hospital,38,"1,602"
N21000645,Moyola_C,Antrim Area Hospital,33.56,"3,018"
N21000646,Moyola_D,Altnagelvin,41.79,"1,872"
N21000647,Moyola_E,Antrim Area Hospital,33.49,"2,921"
N21000648,Moyola_F,Antrim Area Hospital,28.46,"2,345"
N21000649,Moyola_G,Altnagelvin,43.94,"2,497"
N21000650,Moyola_H,Antrim Area Hospital,30.91,"2,398"
N21000651,Magherafelt_A,Antrim Area Hospital,33.51,"2,896"
N21000652,Magherafelt_B,Antrim Area Hospital,33.88,"2,859"
N21000653,Magherafelt_C,Antrim Area Hospital,34.31,"3,316"
N21000654,Magherafelt_D,Craigavon Area Hospital,49.14,"3,331"
N21000655,Magherafelt_E,Antrim Area Hospital,42.12,"2,409"
N21000656,Magherafelt_F,Antrim Area Hospital,41.19,"2,141"
N21000657,Magherafelt_G,Antrim Area Hospital,37.11,"2,314"
N21000658,Cookstown_A,Craigavon Area Hospital,51.61,"3,163"
N21000659,Cookstown_B,Craigavon Area Hospital,40.66,"2,914"
N21000660,Cookstown_C,Craigavon Area Hospital,40.54,"2,536"
N21000661,Cookstown_D,Craigavon Area Hospital,41.32,"2,736"
N21000662,Cookstown_E,Craigavon Area Hospital,42.28,"2,359"
N21000663,Cookstown_F,Craigavon Area Hospital,39.44,"2,260"
N21000664,Cookstown_G,Craigavon Area Hospital,43.19,"1,988"
N21000665,Cookstown_H,Craigavon Area Hospital,39.63,"2,100"
N21000666,Cookstown_J,Craigavon Area Hospital,43.83,"2,863"
N21000667,Cookstown_K,Craigavon Area Hospital,45.24,"1,698"
N21000668,Torrent_A,Craigavon Area Hospital,42.05,"2,873"
N21000669,Torrent_B,Craigavon Area Hospital,33.02,"2,949"
N21000670,Torrent_C,Craigavon Area Hospital,30.25,"2,335"
N21000671,Torrent_D,Craigavon Area Hospital,30.11,"3,812"
N21000672,Torrent_E,Craigavon Area Hospital,41.48,"2,322"
N21000673,Torrent_F,Craigavon Area Hospital,27.09,"3,692"
N21000674,Torrent_G,Craigavon Area Hospital,31.31,"2,229"
N21000675,Torrent_H,Craigavon Area Hospital,26.14,"2,809"
N21000676,Dungannon_A,Craigavon Area Hospital,29.27,"3,376"
N21000677,Dungannon_B,Craigavon Area Hospital,33.38,"2,409"
N21000678,Dungannon_C,Craigavon Area Hospital,28.08,"1,245"
N21000679,Dungannon_D,Craigavon Area Hospital,27.43,"2,896"
N21000680,Dungannon_E,Craigavon Area Hospital,26.91,"2,677"
N21000681,Dungannon_F,Craigavon Area Hospital,31.3,"3,748"
N21000682,Dungannon_G,Craigavon Area Hospital,21.94,"2,772"
N21000683,Dungannon_H,Craigavon Area Hospital,26.8,"2,828"
N21000684,Dungannon_J,Craigavon Area Hospital,21.74,"1,941"
N21000685,Dungannon_K,Craigavon Area Hospital,24.73,"1,749"
N21000686,Clogher_Valley_A,Craigavon Area Hospital,32.82,"2,927"
N21000687,Clogher_Valley_B,Craigavon Area Hospital,38.15,"3,633"
N21000688,Clogher_Valley_C,Craigavon Area Hospital,45.07,"1,708"
N21000689,Clogher_Valley_D,South West Acute Hospital,45.59,"3,083"
N21000690,Clogher_Valley_E,Craigavon Area Hospital,34.36,"4,077"
N21000691,Clogher_Valley_F,South West Acute Hospital,34.06,"3,077"
N21000692,Clogher_Valley_G,Craigavon Area Hospital,38.81,"2,139"
N21000693,Clogher_Valley_H,South West Acute Hospital,27.13,"1,353"
N21000694,Slieve_Gullion_A,Daisy Hill Hospital,7.58,"2,645"
N21000695,Slieve_Gullion_B,Daisy Hill Hospital,14.3,"2,084"
N21000696,Slieve_Gullion_C,Daisy Hill Hospital,3.19,"2,873"
N21000697,Slieve_Gullion_D,Daisy Hill Hospital,3.25,"2,396"
N21000698,Slieve_Gullion_E,Daisy Hill Hospital,3.41,"2,772"
N21000699,Slieve_Gullion_F,Daisy Hill Hospital,9.68,"3,550"
N21000700,Slieve_Gullion_G,Daisy Hill Hospital,18.57,"2,761"
N21000701,Slieve_Gullion_H,Daisy Hill Hospital,22.49,"3,059"
N21000702,Slieve_Gullion_J,Daisy Hill Hospital,18.28,"1,944"
N21000703,Slieve_Gullion_K,Daisy Hill Hospital,26.02,"2,723"
N21000704,Slieve_Gullion_L,Daisy Hill Hospital,12.59,"2,365"
N21000705,Slieve_Gullion_N,Daisy Hill Hospital,27.48,"1,573"
N21000706,Newry_A,Daisy Hill Hospital,2.36,"2,784"
N21000707,Newry_B,Daisy Hill Hospital,2.51,"2,193"
N21000708,Newry_C,Daisy Hill Hospital,0.44,"1,585"
N21000709,Newry_D,Daisy Hill Hospital,2.3,"2,223"
N21000710,Newry_E,Daisy Hill Hospital,0.81,"2,164"
N21000711,Newry_F,Daisy Hill Hospital,1.93,"2,218"
N21000712,Newry_G,Daisy Hill Hospital,1.43,"2,005"
N21000713,Newry_H,Daisy Hill Hospital,1.02,"1,600"
N21000714,Newry_J,Daisy Hill Hospital,3.11,"1,840"
N21000715,Newry_K,Daisy Hill Hospital,2.65,"2,250"
N21000716,Newry_L,Daisy Hill Hospital,2.47,"2,674"
N21000717,Newry_N,Daisy Hill Hospital,5.3,"2,403"
N21000718,Newry_P,Daisy Hill Hospital,7.7,"1,977"
N21000719,Crotlieve_A,Daisy Hill Hospital,12.08,"2,944"
N21000720,Crotlieve_B,Daisy Hill Hospital,12.14,"2,785"
N21000721,Crotlieve_C,Daisy Hill Hospital,4.65,"3,032"
N21000722,Crotlieve_D,Daisy Hill Hospital,15.54,"1,719"
N21000723,Crotlieve_E,Daisy Hill Hospital,10.48,"2,263"
N21000724,Crotlieve_F,Daisy Hill Hospital,6.53,"2,490"
N21000725,Crotlieve_G,Daisy Hill Hospital,20.93,"3,220"
N21000726,Crotlieve_H,Daisy Hill Hospital,10.27,"3,118"
N21000727,Crotlieve_J,Daisy Hill Hospital,13.26,"1,788"
N21000728,Crotlieve_K,Daisy Hill Hospital,11.26,"2,805"
N21000729,Crotlieve_L,Daisy Hill Hospital,15.96,"2,502"
N21000730,The_Mournes_A,Daisy Hill Hospital,31.05,"2,243"
N21000731,The_Mournes_B,Daisy Hill Hospital,34.07,"1,885"
N21000732,The_Mournes_C,Daisy Hill Hospital,33.13,"1,598"
N21000733,The_Mournes_D,Daisy Hill Hospital,34.47,"2,474"
N21000734,The_Mournes_E,Daisy Hill Hospital,34.57,"2,341"
N21000735,The_Mournes_F,Daisy Hill Hospital,26.73,"2,339"
N21000736,The_Mournes_G,Daisy Hill Hospital,35.22,"3,592"
N21000737,The_Mournes_H,Daisy Hill Hospital,39.45,"2,012"
N21000738,The_Mournes_J,Daisy Hill Hospital,39.34,"2,098"
N21000739,The_Mournes_K,Daisy Hill Hospital,25.33,"2,989"
N21000740,The_Mournes_L,Daisy Hill Hospital,32.14,"1,826"
N21000741,The_Mournes_N,Daisy Hill Hospital,29.97,"2,153"
N21000742,The_Mournes_P,Daisy Hill Hospital,31.15,"2,654"
N21000743,Slieve_Croob_A,Royal Victoria Hospital,28.13,"2,646"
N21000744,Slieve_Croob_B,Royal Victoria Hospital,29.7,"1,344"
N21000745,Slieve_Croob_C,Royal Victoria Hospital,33.52,"2,808"
N21000746,Slieve_Croob_D,Royal Victoria Hospital,34.93,"3,085"
N21000747,Slieve_Croob_E,Daisy Hill Hospital,32.8,"2,609"
N21000748,Slieve_Croob_F,Royal Victoria Hospital,48.31,"1,969"
N21000749,Slieve_Croob_G,Daisy Hill Hospital,34.81,"2,788"
N21000750,Slieve_Croob_H,Daisy Hill Hospital,37.63,"1,539"
N21000751,Slieve_Croob_J,Daisy Hill Hospital,31.19,"2,599"
N21000752,Rowallane_A,Ulster Hospital,18.56,"1,673"
N21000753,Rowallane_B,Ulster Hospital,19.23,"1,915"
N21000754,Rowallane_C,Ulster Hospital,21.84,"2,286"
N21000755,Rowallane_D,Ulster Hospital,25.23,"2,279"
N21000756,Rowallane_E,Ulster Hospital,25.18,"2,766"
N21000757,Rowallane_F,Royal Victoria Hospital,24.49,"2,597"
N21000758,Rowallane_G,Royal Victoria Hospital,24.76,"2,940"
N21000759,Rowallane_H,Ulster Hospital,25.57,"2,787"
N21000760,Rowallane_J,Ulster Hospital,27.35,"1,997"
N21000761,Downpatrick_A,Ulster Hospital,36.07,"2,681"
N21000762,Downpatrick_B,Ulster Hospital,50.48,"1,964"
N21000763,Downpatrick_C,Ulster Hospital,35.88,"2,751"
N21000764,Downpatrick_D,Ulster Hospital,36.37,"2,247"
N21000765,Downpatrick_E,Ulster Hospital,35.04,"2,251"
N21000766,Downpatrick_F,Royal Victoria Hospital,47.16,"1,976"
N21000767,Downpatrick_G,Ulster Hospital,36.41,"2,320"
N21000768,Downpatrick_H,Ulster Hospital,40.93,"2,365"
N21000769,Downpatrick_J,Ulster Hospital,45.64,"1,720"
N21000770,Downpatrick_K,Ulster Hospital,44.46,"1,641"
N21000771,Comber_A,Ulster Hospital,6.37,"2,037"
N21000772,Comber_B,Ulster Hospital,7.61,"2,289"
N21000773,Comber_C,Ulster Hospital,8.32,"2,803"
N21000774,Comber_D,Ulster Hospital,7.14,"2,400"
N21000775,Comber_E,Ulster Hospital,9.2,"1,341"
N21000776,Comber_F,Ulster Hospital,12.5,"3,233"
N21000777,Comber_G,Ulster Hospital,13.14,"3,138"
N21000778,Comber_H,Ulster Hospital,19.22,"2,246"
N21000779,Newtownards_A,Ulster Hospital,9.7,"2,318"
N21000780,Newtownards_B,Ulster Hospital,10.07,"1,768"
N21000781,Newtownards_C,Ulster Hospital,9.28,"1,992"
N21000782,Newtownards_D,Ulster Hospital,9.7,"1,961"
N21000783,Newtownards_E,Ulster Hospital,8.26,"1,402"
N21000784,Newtownards_F,Ulster Hospital,7.99,"1,797"
N21000785,Newtownards_G,Ulster Hospital,9.28,"1,992"
N21000786,Newtownards_H,Ulster Hospital,9.96,"2,443"
N21000787,Newtownards_J,Ulster Hospital,7.81,"1,638"
N21000788,Newtownards_K,Ulster Hospital,8.69,"1,349"
N21000789,Newtownards_L,Ulster Hospital,7.34,"1,401"
N21000790,Newtownards_N,Ulster Hospital,6.17,"2,310"
N21000791,Newtownards_P,Ulster Hospital,13.25,"1,612"
N21000792,Newtownards_Q,Ulster Hospital,9.53,"1,764"
N21000793,Newtownards_R,Ulster Hospital,8.92,"1,327"
N21000794,Newtownards_S,Ulster Hospital,12.55,"2,321"
N21000795,Holywood_and_Clandeboye_A,Ulster Hospital,10.69,"1,547"
N21000796,Holywood_and_Clandeboye_B,Ulster Hospital,12.44,"1,104"
N21000797,Holywood_and_Clandeboye_C,Ulster Hospital,10.59,"1,316"
N21000798,Holywood_and_Clandeboye_D,Ulster Hospital,9.51,"1,730"
N21000799,Holywood_and_Clandeboye_E,Ulster Hospital,9.36,"1,895"
N21000800,Holywood_and_Clandeboye_F,Ulster Hospital,6.15,"2,201"
N21000801,Holywood_and_Clandeboye_G,Ulster Hospital,11.68,"1,972"
N21000802,Holywood_and_Clandeboye_H,Ulster Hospital,8.47,"2,253"
N21000803,Holywood_and_Clandeboye_J,Ulster Hospital,12.94,"1,912"
N21000804,Holywood_and_Clandeboye_K,Ulster Hospital,8.32,"2,199"
N21000805,Holywood_and_Clandeboye_L,Ulster Hospital,7.3,"2,680"
N21000806,Bangor_West_A,Ulster Hospital,12.5,"3,110"
N21000807,Bangor_West_B,Ulster Hospital,12.42,"1,235"
N21000808,Bangor_West_C,Ulster Hospital,11.45,"1,822"
N21000809,Bangor_West_D,Ulster Hospital,11.66,"2,011"
N21000810,Bangor_West_E,Ulster Hospital,10.28,"2,123"
N21000811,Bangor_West_F,Ulster Hospital,12.54,"2,118"
N21000812,Bangor_West_G,Ulster Hospital,12.1,"2,166"
N21000813,Bangor_West_H,Ulster Hospital,10.59,"2,632"
N21000814,Bangor_West_J,Ulster Hospital,12.06,"2,300"
N21000815,Bangor_Central_A,Ulster Hospital,13.86,"1,580"
N21000816,Bangor_Central_B,Ulster Hospital,16.19,"2,266"
N21000817,Bangor_Central_C,Ulster Hospital,13.68,"1,754"
N21000818,Bangor_Central_D,Ulster Hospital,14.04,"1,476"
N21000819,Bangor_Central_E,Ulster Hospital,14.7,"2,126"
N21000820,Bangor_Central_F,Ulster Hospital,13.42,"1,333"
N21000821,Bangor_Central_G,Ulster Hospital,14.84,"1,647"
N21000822,Bangor_Central_H,Ulster Hospital,12.83,"1,396"
N21000823,Bangor_Central_J,Ulster Hospital,14.15,"2,275"
N21000824,Bangor_Central_K,Ulster Hospital,13.15,"2,062"
N21000825,Bangor_Central_L,Ulster Hospital,15.24,"2,125"
N21000826,Bangor_Central_N,Ulster Hospital,12.29,"1,645"
N21000827,Bangor_Central_P,Ulster Hospital,14.92,"2,359"
N21000828,Bangor_Central_Q,Ulster Hospital,14.18,"2,591"
N21000829,Bangor_East_and_Donaghadee_A,Ulster Hospital,17.27,"1,220"
N21000830,Bangor_East_and_Donaghadee_B,Ulster Hospital,16.02,"2,707"
N21000831,Bangor_East_and_Donaghadee_C,Ulster Hospital,21.48,"1,962"
N21000832,Bangor_East_and_Donaghadee_D,Ulster Hospital,15.44,"1,178"
N21000833,Bangor_East_and_Donaghadee_E,Ulster Hospital,18.8,"1,490"
N21000834,Bangor_East_and_Donaghadee_F,Ulster Hospital,16.31,"2,409"
N21000835,Bangor_East_and_Donaghadee_G,Ulster Hospital,14.99,"3,202"
N21000836,Bangor_East_and_Donaghadee_H,Ulster Hospital,15.43,"3,319"
N21000837,Bangor_East_and_Donaghadee_J,Ulster Hospital,20.19,"2,401"
N21000838,Bangor_East_and_Donaghadee_K,Ulster Hospital,21.06,"2,962"
N21000839,Ards_Peninsula_A,Ulster Hospital,19.7,"2,549"
N21000840,Ards_Peninsula_B,Ulster Hospital,10.57,"1,407"
N21000841,Ards_Peninsula_C,Ulster Hospital,16.22,"2,398"
N21000842,Ards_Peninsula_D,Ulster Hospital,19.22,"2,982"
N21000843,Ards_Peninsula_E,Ulster Hospital,24.7,"2,008"
N21000844,Ards_Peninsula_F,Ulster Hospital,25.82,"1,922"
N21000845,Ards_Peninsula_G,Ulster Hospital,30.37,"1,411"
N21000846,Ards_Peninsula_H,Ulster Hospital,29.24,"1,948"
N21000847,Ards_Peninsula_J,Ulster Hospital,35.72,"2,280"
N21000848,Ards_Peninsula_K,Ulster Hospital,32.96,"1,360"
N21000849,Ards_Peninsula_L,Ulster Hospital,36.72,"2,327"
N21000850,Ards_Peninsula_N,Ulster Hospital,39.94,"2,372"
